﻿Designator,Comment,Footprint,JLCPCB Part#
C1,10V 10uF X5R ±10% 0603 Multilayer Ceramic Capacitors MLCC - SMD/SMT ROHS,603,C19702
C2,50V 100nF X7R ±10% 0603 Multilayer Ceramic Capacitors MLCC - SMD/SMT ROHS,603,C701321
J2,1x4P 1 SR/SZ 1mm 4 Copper Alloy - Wire To Board / Wire To Wire Connector ROHS,-,C160404
LED1,-40℃~+85℃ RGB 200mW SMD5050 Light Emitting Diodes (LED) ROHS,5050(mm),C784540
R2,100mW Thick Film Resistors 75V ±100ppm/℃ ±1% -55℃~+155℃ 10kΩ 0603 Chip Resistor - Surface Mount ROHS,603,C98220
U1,LED Driver IC 4 Output Power Switch PWM Dimming 25mA 8-TSSOP,TSSOP-8 3.0mm,C2802665
U2,4.4*2.4*1.0mm Position Sensor ROHS,4.4*2.4*1.0mm,C91199
