﻿Item,Designator,Qty,Manufacturer,Mfg Part #,Description / Value,Package/Footprint,Type,JLCPCB Part#
1,C1,1,,,10V 10uF X5R ±10% 0603 Multilayer Ceramic Capacitors MLCC - SMD/SMT ROHS,603,SMD,C19702
2,C2,1,,,50V 100nF X7R ±10% 0603 Multilayer Ceramic Capacitors MLCC - SMD/SMT ROHS,603,SMD,C1591
3,J2,1,JST,SM04B-SRSS-TB(LF)(SN),1x4P 1 SR/SZ 1mm 4 Copper Alloy - Wire To Board / Wire To Wire Connector ROHS,-,SMD,C160404
4,LED1,1,TCWIN,TC5050RGBF08-3CJH-AF53A,-40℃~+85℃ RGB 200mW SMD5050 Light Emitting Diodes (LED) ROHS,5050(mm),SMD,C784540
5,R2,1,,,100mW Thick Film Resistors 75V ±100ppm/℃ ±1% -55℃~+155℃ 10kΩ 0603 Chip Resistor - Surface Mount ROHS,603,SMD,C98220
6,U1,1,NXP,"PCA9632DP1,118",LED Driver IC 4 Output Power Switch PWM Dimming 25mA 8-TSSOP,TSSOP-8 3.0mm,SMD,C2802665
7,U2,1,STMicro,VL53L0CXV0DH/1,4.4*2.4*1.0mm Position Sensor ROHS,4.4*2.4*1.0mm,SMD,C91199
